[
  {
   "pins": [
      [
        "A",
        "gnd",
        "Y",
        "vdd"
      ], [
        "A",
        "gnd",
        "Y",
        "vdd"
      ]
   ]
  },
  {
   "pins": [
      [
        "A",
        "gnd",
        "Y",
        "vdd"
      ], [
        "A",
        "gnd",
        "Y",
        "vdd"
      ]
   ]
  },
  {
   "pins": [
      [
        "A",
        "B",
        "gnd",
        "Y",
        "vdd"
      ], [
        "A",
        "B",
        "gnd",
        "Y",
        "vdd"
      ]
   ]
  },
  {
   "pins": [
      [
        "A",
        "B",
        "gnd",
        "Y",
        "vdd"
      ], [
        "A",
        "B",
        "gnd",
        "Y",
        "vdd"
      ]
   ]
  },
  {
   "pins": [
      [
        "A",
        "gnd",
        "Y",
        "vdd"
      ], [
        "A",
        "gnd",
        "Y",
        "vdd"
      ]
   ]
  },
  {
   "pins": [
      [
        "A",
        "gnd",
        "Y",
        "vdd"
      ], [
        "A",
        "gnd",
        "Y",
        "vdd"
      ]
   ]
  },
  {
   "pins": [
      [
        "A",
        "gnd",
        "Y",
        "vdd"
      ], [
        "A",
        "gnd",
        "Y",
        "vdd"
      ]
   ]
  },
  {
   "pins": [
      [
        "A",
        "B",
        "C",
        "gnd",
        "Y",
        "vdd"
      ], [
        "A",
        "B",
        "C",
        "gnd",
        "Y",
        "vdd"
      ]
   ]
  },
  {
   "pins": [
      [
        "A",
        "B",
        "gnd",
        "Y",
        "vdd"
      ], [
        "A",
        "B",
        "gnd",
        "Y",
        "vdd"
      ]
   ]
  },
  {
   "pins": [
      [
        "A",
        "B",
        "C",
        "gnd",
        "Y",
        "vdd"
      ], [
        "A",
        "B",
        "C",
        "gnd",
        "Y",
        "vdd"
      ]
   ]
  },
  {
   "pins": [
      [
        "A",
        "B",
        "C",
        "D",
        "gnd",
        "Y",
        "vdd"
      ], [
        "A",
        "B",
        "C",
        "D",
        "gnd",
        "Y",
        "vdd"
      ]
   ]
  },
  {
   "pins": [
      [
        "A",
        "B",
        "C",
        "gnd",
        "Y",
        "vdd"
      ], [
        "A",
        "B",
        "C",
        "gnd",
        "Y",
        "vdd"
      ]
   ]
  },
  {
   "pins": [
      [
        "A",
        "B",
        "C",
        "D",
        "gnd",
        "Y",
        "vdd"
      ], [
        "A",
        "B",
        "C",
        "D",
        "gnd",
        "Y",
        "vdd"
      ]
   ]
  },
  {
   "pins": [
      [
        "A",
        "B",
        "C",
        "gnd",
        "Y",
        "vdd"
      ], [
        "A",
        "B",
        "C",
        "gnd",
        "Y",
        "vdd"
      ]
   ]
  },
  {
   "pins": [
      [
        "A",
        "B",
        "gnd",
        "Y",
        "vdd"
      ], [
        "A",
        "B",
        "gnd",
        "Y",
        "vdd"
      ]
   ]
  },
  {
   "pins": [
      [
        "A",
        "B",
        "gnd",
        "Y",
        "vdd"
      ], [
        "A",
        "B",
        "gnd",
        "Y",
        "vdd"
      ]
   ]
  },
  {
   "pins": [
      [
        "A",
        "B",
        "gnd",
        "Y",
        "vdd"
      ], [
        "A",
        "B",
        "gnd",
        "Y",
        "vdd"
      ]
   ]
  },
  {
   "pins": [
      [
        "A",
        "gnd",
        "Y",
        "vdd"
      ], [
        "A",
        "gnd",
        "Y",
        "vdd"
      ]
   ]
  },
  {
   "pins": [
      [
        "Q",
        "CLK",
        "D",
        "gnd",
        "vdd"
      ], [
        "Q",
        "CLK",
        "D",
        "gnd",
        "vdd"
      ]
   ]
  },
  {
   "name": [
      "pipeline",
      "pipeline"
   ],
   "devices": [
       [
         ["AND2X2", 11],
         ["NAND2X1", 59],
         ["OAI22X1", 5],
         ["OAI21X1", 61],
         ["XNOR2X1", 26],
         ["INVX1", 50],
         ["AOI22X1", 6],
         ["NOR3X1", 5],
         ["XOR2X1", 22],
         ["CLKBUF1", 6],
         ["NAND3X1", 75],
         ["INVX4", 1],
         ["BUFX4", 8],
         ["AOI21X1", 57],
         ["DFFPOSX1", 48],
         ["BUFX2", 8],
         ["INVX2", 8],
         ["NOR2X1", 48],
         ["OR2X2", 3 ]
       ], [
         ["AND2X2", 11 ],
         ["NAND2X1", 59 ],
         ["OAI22X1", 5 ],
         ["OAI21X1", 61 ],
         ["XNOR2X1", 26 ],
         ["INVX1", 50 ],
         ["AOI22X1", 6 ],
         ["NOR3X1", 5 ],
         ["XOR2X1", 22 ],
         ["CLKBUF1", 6 ],
         ["NAND3X1", 75 ],
         ["INVX4", 1 ],
         ["BUFX4", 8 ],
         ["AOI21X1", 57 ],
         ["DFFPOSX1", 48 ],
         ["BUFX2", 8 ],
         ["INVX2", 8 ],
         ["NOR2X1", 48 ],
         ["OR2X2", 3 ]
       ]
   ],
   "nets": [
    542,
    542
   ],
   "badnets": [
   ],
   "badelements": [
   ],
   "pins": [
      [
        "B[7]",
        "A[7]",
        "C[5]",
        "C[4]",
        "C[7]",
        "F[0]",
        "F[2]",
        "F[4]",
        "F[1]",
        "F[5]",
        "F[3]",
        "F[6]",
        "F[7]",
        "clk",
        "vdd",
        "gnd",
        "B[0]",
        "A[0]",
        "A[1]",
        "B[1]",
        "B[2]",
        "A[2]",
        "A[4]",
        "B[4]",
        "B[5]",
        "B[3]",
        "A[5]",
        "A[3]",
        "B[6]",
        "A[6]",
        "C[2]",
        "C[1]",
        "C[3]",
        "C[6]",
        "D[7]",
        "D[0]",
        "C[0]",
        "D[2]",
        "D[1]",
        "D[3]",
        "D[4]",
        "D[5]",
        "D[6]"
      ], [
        "B[7]",
        "A[7]",
        "C[5]",
        "C[4]",
        "C[7]",
        "F[0]",
        "F[2]",
        "F[4]",
        "F[1]",
        "F[5]",
        "F[3]",
        "F[6]",
        "F[7]",
        "clk",
        "vdd",
        "gnd",
        "B[0]",
        "A[0]",
        "A[1]",
        "B[1]",
        "B[2]",
        "A[2]",
        "A[4]",
        "B[4]",
        "B[5]",
        "B[3]",
        "A[5]",
        "A[3]",
        "B[6]",
        "A[6]",
        "C[2]",
        "C[1]",
        "C[3]",
        "C[6]",
        "D[7]",
        "D[0]",
        "C[0]",
        "D[2]",
        "D[1]",
        "D[3]",
        "D[4]",
        "D[5]",
        "D[6]"
      ]
   ]
  }
]
